{
    "acc": 0.7525773195876289,
    "auroc": 0.8523556735235568,
    "fpr": [
        0.0,
        0.0,
        0.0,
        0.006493506493506494,
        0.006493506493506494,
        0.012987012987012988,
        0.012987012987012988,
        0.01948051948051948,
        0.01948051948051948,
        0.032467532467532464,
        0.032467532467532464,
        0.03896103896103896,
        0.03896103896103896,
        0.045454545454545456,
        0.045454545454545456,
        0.05194805194805195,
        0.05194805194805195,
        0.05844155844155844,
        0.05844155844155844,
        0.06493506493506493,
        0.06493506493506493,
        0.08441558441558442,
        0.08441558441558442,
        0.09090909090909091,
        0.09090909090909091,
        0.09740259740259741,
        0.09740259740259741,
        0.1038961038961039,
        0.1038961038961039,
        0.11038961038961038,
        0.11038961038961038,
        0.11688311688311688,
        0.11688311688311688,
        0.12987012987012986,
        0.12987012987012986,
        0.13636363636363635,
        0.13636363636363635,
        0.15584415584415584,
        0.15584415584415584,
        0.16233766233766234,
        0.16233766233766234,
        0.18181818181818182,
        0.18181818181818182,
        0.18831168831168832,
        0.18831168831168832,
        0.19480519480519481,
        0.19480519480519481,
        0.2012987012987013,
        0.2012987012987013,
        0.2077922077922078,
        0.2077922077922078,
        0.22077922077922077,
        0.22077922077922077,
        0.22727272727272727,
        0.22727272727272727,
        0.24025974025974026,
        0.24025974025974026,
        0.3246753246753247,
        0.3246753246753247,
        0.33766233766233766,
        0.33766233766233766,
        0.35064935064935066,
        0.35064935064935066,
        0.3961038961038961,
        0.3961038961038961,
        0.4025974025974026,
        0.4025974025974026,
        0.43506493506493504,
        0.43506493506493504,
        0.44155844155844154,
        0.44155844155844154,
        0.45454545454545453,
        0.45454545454545453,
        0.4935064935064935,
        0.4935064935064935,
        0.5,
        0.5,
        0.5194805194805194,
        0.5194805194805194,
        0.6428571428571429,
        0.6428571428571429,
        0.7272727272727273,
        0.7272727272727273,
        0.7532467532467533,
        0.7532467532467533,
        0.7857142857142857,
        0.7857142857142857,
        0.8246753246753247,
        0.8246753246753247,
        1.0
    ],
    "tpr": [
        0.0,
        0.0072992700729927005,
        0.072992700729927,
        0.072992700729927,
        0.17518248175182483,
        0.17518248175182483,
        0.23357664233576642,
        0.23357664233576642,
        0.24087591240875914,
        0.24087591240875914,
        0.24817518248175183,
        0.24817518248175183,
        0.26277372262773724,
        0.26277372262773724,
        0.41605839416058393,
        0.41605839416058393,
        0.44525547445255476,
        0.44525547445255476,
        0.5036496350364964,
        0.5036496350364964,
        0.5401459854014599,
        0.5401459854014599,
        0.5474452554744526,
        0.5474452554744526,
        0.5620437956204379,
        0.5620437956204379,
        0.5766423357664233,
        0.5766423357664233,
        0.5985401459854015,
        0.5985401459854015,
        0.6131386861313869,
        0.6131386861313869,
        0.6204379562043796,
        0.6204379562043796,
        0.6496350364963503,
        0.6496350364963503,
        0.6642335766423357,
        0.6642335766423357,
        0.6788321167883211,
        0.6788321167883211,
        0.6861313868613139,
        0.6861313868613139,
        0.7007299270072993,
        0.7007299270072993,
        0.7226277372262774,
        0.7226277372262774,
        0.7591240875912408,
        0.7591240875912408,
        0.7664233576642335,
        0.7664233576642335,
        0.7956204379562044,
        0.7956204379562044,
        0.8175182481751825,
        0.8175182481751825,
        0.8321167883211679,
        0.8321167883211679,
        0.8394160583941606,
        0.8394160583941606,
        0.8467153284671532,
        0.8467153284671532,
        0.8613138686131386,
        0.8613138686131386,
        0.8686131386861314,
        0.8686131386861314,
        0.8759124087591241,
        0.8759124087591241,
        0.8978102189781022,
        0.8978102189781022,
        0.9051094890510949,
        0.9051094890510949,
        0.9124087591240876,
        0.9124087591240876,
        0.9197080291970803,
        0.9197080291970803,
        0.927007299270073,
        0.927007299270073,
        0.9416058394160584,
        0.9416058394160584,
        0.9562043795620438,
        0.9562043795620438,
        0.9635036496350365,
        0.9635036496350365,
        0.9781021897810219,
        0.9781021897810219,
        0.9854014598540146,
        0.9854014598540146,
        0.9927007299270073,
        0.9927007299270073,
        1.0,
        1.0
    ],
    "auprc": 0.8291091478589746
}