{
    "acc": 0.6920415224913494,
    "auroc": 0.7795559400230679,
    "fpr": [
        0.0,
        0.0,
        0.0,
        0.006535947712418301,
        0.006535947712418301,
        0.013071895424836602,
        0.013071895424836602,
        0.0196078431372549,
        0.0196078431372549,
        0.026143790849673203,
        0.026143790849673203,
        0.032679738562091505,
        0.032679738562091505,
        0.0392156862745098,
        0.0392156862745098,
        0.0457516339869281,
        0.0457516339869281,
        0.05228758169934641,
        0.05228758169934641,
        0.06535947712418301,
        0.06535947712418301,
        0.0784313725490196,
        0.0784313725490196,
        0.08496732026143791,
        0.08496732026143791,
        0.0915032679738562,
        0.0915032679738562,
        0.09803921568627451,
        0.09803921568627451,
        0.10457516339869281,
        0.10457516339869281,
        0.12418300653594772,
        0.12418300653594772,
        0.13725490196078433,
        0.13725490196078433,
        0.1437908496732026,
        0.1437908496732026,
        0.16993464052287582,
        0.16993464052287582,
        0.1830065359477124,
        0.1830065359477124,
        0.20261437908496732,
        0.20261437908496732,
        0.20915032679738563,
        0.20915032679738563,
        0.2222222222222222,
        0.2222222222222222,
        0.24836601307189543,
        0.24836601307189543,
        0.2549019607843137,
        0.2549019607843137,
        0.26143790849673204,
        0.26143790849673204,
        0.27450980392156865,
        0.27450980392156865,
        0.28104575163398693,
        0.28104575163398693,
        0.2875816993464052,
        0.2875816993464052,
        0.29411764705882354,
        0.29411764705882354,
        0.3006535947712418,
        0.3006535947712418,
        0.3137254901960784,
        0.3137254901960784,
        0.33986928104575165,
        0.33986928104575165,
        0.3464052287581699,
        0.3464052287581699,
        0.37254901960784315,
        0.37254901960784315,
        0.41830065359477125,
        0.41830065359477125,
        0.43790849673202614,
        0.43790849673202614,
        0.45098039215686275,
        0.45098039215686275,
        0.48366013071895425,
        0.48366013071895425,
        0.5032679738562091,
        0.5032679738562091,
        0.5163398692810458,
        0.5163398692810458,
        0.5228758169934641,
        0.5228758169934641,
        0.5359477124183006,
        0.5359477124183006,
        0.5490196078431373,
        0.5490196078431373,
        0.5620915032679739,
        0.5620915032679739,
        0.5882352941176471,
        0.5882352941176471,
        0.5947712418300654,
        0.5947712418300654,
        0.6078431372549019,
        0.6078431372549019,
        0.6535947712418301,
        0.6535947712418301,
        0.7581699346405228,
        0.7581699346405228,
        0.803921568627451,
        0.803921568627451,
        0.8366013071895425,
        0.8366013071895425,
        0.8431372549019608,
        0.8431372549019608,
        0.8562091503267973,
        0.8562091503267973,
        1.0
    ],
    "tpr": [
        0.0,
        0.007352941176470588,
        0.125,
        0.125,
        0.18382352941176472,
        0.18382352941176472,
        0.19852941176470587,
        0.19852941176470587,
        0.20588235294117646,
        0.20588235294117646,
        0.21323529411764705,
        0.21323529411764705,
        0.2426470588235294,
        0.2426470588235294,
        0.25,
        0.25,
        0.25735294117647056,
        0.25735294117647056,
        0.3382352941176471,
        0.3382352941176471,
        0.35294117647058826,
        0.35294117647058826,
        0.3602941176470588,
        0.3602941176470588,
        0.36764705882352944,
        0.36764705882352944,
        0.38235294117647056,
        0.38235294117647056,
        0.4264705882352941,
        0.4264705882352941,
        0.4411764705882353,
        0.4411764705882353,
        0.47058823529411764,
        0.47058823529411764,
        0.4852941176470588,
        0.4852941176470588,
        0.49264705882352944,
        0.49264705882352944,
        0.5,
        0.5,
        0.5367647058823529,
        0.5367647058823529,
        0.5441176470588235,
        0.5441176470588235,
        0.5514705882352942,
        0.5514705882352942,
        0.5661764705882353,
        0.5661764705882353,
        0.5882352941176471,
        0.5882352941176471,
        0.6176470588235294,
        0.6176470588235294,
        0.625,
        0.625,
        0.6544117647058824,
        0.6544117647058824,
        0.6617647058823529,
        0.6617647058823529,
        0.6911764705882353,
        0.6911764705882353,
        0.6985294117647058,
        0.6985294117647058,
        0.7352941176470589,
        0.7352941176470589,
        0.7426470588235294,
        0.7426470588235294,
        0.7647058823529411,
        0.7647058823529411,
        0.7941176470588235,
        0.7941176470588235,
        0.8088235294117647,
        0.8088235294117647,
        0.8235294117647058,
        0.8235294117647058,
        0.8382352941176471,
        0.8382352941176471,
        0.8529411764705882,
        0.8529411764705882,
        0.8602941176470589,
        0.8602941176470589,
        0.875,
        0.875,
        0.8823529411764706,
        0.8823529411764706,
        0.8897058823529411,
        0.8897058823529411,
        0.8970588235294118,
        0.8970588235294118,
        0.9044117647058824,
        0.9044117647058824,
        0.9117647058823529,
        0.9117647058823529,
        0.9338235294117647,
        0.9338235294117647,
        0.9411764705882353,
        0.9411764705882353,
        0.9558823529411765,
        0.9558823529411765,
        0.9632352941176471,
        0.9632352941176471,
        0.9705882352941176,
        0.9705882352941176,
        0.9779411764705882,
        0.9779411764705882,
        0.9852941176470589,
        0.9852941176470589,
        0.9926470588235294,
        0.9926470588235294,
        1.0,
        1.0
    ],
    "auprc": 0.7610603385730335
}