{
    "acc": 0.671280276816609,
    "auroc": 0.748606305267205,
    "fpr": [
        0.0,
        0.0,
        0.0,
        0.006535947712418301,
        0.006535947712418301,
        0.013071895424836602,
        0.013071895424836602,
        0.0196078431372549,
        0.0196078431372549,
        0.026143790849673203,
        0.026143790849673203,
        0.032679738562091505,
        0.032679738562091505,
        0.0457516339869281,
        0.0457516339869281,
        0.05228758169934641,
        0.05228758169934641,
        0.058823529411764705,
        0.058823529411764705,
        0.0718954248366013,
        0.0718954248366013,
        0.0784313725490196,
        0.0784313725490196,
        0.08496732026143791,
        0.08496732026143791,
        0.0915032679738562,
        0.0915032679738562,
        0.09803921568627451,
        0.09803921568627451,
        0.1111111111111111,
        0.1111111111111111,
        0.11764705882352941,
        0.11764705882352941,
        0.12418300653594772,
        0.12418300653594772,
        0.13071895424836602,
        0.13071895424836602,
        0.1568627450980392,
        0.1568627450980392,
        0.16339869281045752,
        0.16339869281045752,
        0.16993464052287582,
        0.16993464052287582,
        0.17647058823529413,
        0.17647058823529413,
        0.1895424836601307,
        0.1895424836601307,
        0.19607843137254902,
        0.19607843137254902,
        0.20261437908496732,
        0.20261437908496732,
        0.21568627450980393,
        0.21568627450980393,
        0.2222222222222222,
        0.2222222222222222,
        0.22875816993464052,
        0.22875816993464052,
        0.23529411764705882,
        0.23529411764705882,
        0.24183006535947713,
        0.24183006535947713,
        0.26143790849673204,
        0.26143790849673204,
        0.27450980392156865,
        0.27450980392156865,
        0.3333333333333333,
        0.3333333333333333,
        0.33986928104575165,
        0.33986928104575165,
        0.3464052287581699,
        0.3464052287581699,
        0.3660130718954248,
        0.3660130718954248,
        0.37254901960784315,
        0.37254901960784315,
        0.38562091503267976,
        0.38562091503267976,
        0.4117647058823529,
        0.4117647058823529,
        0.43137254901960786,
        0.43137254901960786,
        0.4444444444444444,
        0.4444444444444444,
        0.45751633986928103,
        0.45751633986928103,
        0.477124183006536,
        0.477124183006536,
        0.5294117647058824,
        0.5294117647058824,
        0.5490196078431373,
        0.5490196078431373,
        0.5555555555555556,
        0.5555555555555556,
        0.5751633986928104,
        0.5751633986928104,
        0.5816993464052288,
        0.5816993464052288,
        0.6078431372549019,
        0.6078431372549019,
        0.6470588235294118,
        0.6470588235294118,
        0.738562091503268,
        0.738562091503268,
        0.8758169934640523,
        0.8758169934640523,
        0.9150326797385621,
        0.9150326797385621,
        0.9607843137254902,
        0.9607843137254902,
        0.9803921568627451,
        0.9803921568627451,
        1.0
    ],
    "tpr": [
        0.0,
        0.007352941176470588,
        0.029411764705882353,
        0.029411764705882353,
        0.051470588235294115,
        0.051470588235294115,
        0.058823529411764705,
        0.058823529411764705,
        0.08088235294117647,
        0.08088235294117647,
        0.10294117647058823,
        0.10294117647058823,
        0.1323529411764706,
        0.1323529411764706,
        0.18382352941176472,
        0.18382352941176472,
        0.21323529411764705,
        0.21323529411764705,
        0.2426470588235294,
        0.2426470588235294,
        0.25,
        0.25,
        0.25735294117647056,
        0.25735294117647056,
        0.2647058823529412,
        0.2647058823529412,
        0.2867647058823529,
        0.2867647058823529,
        0.3382352941176471,
        0.3382352941176471,
        0.35294117647058826,
        0.35294117647058826,
        0.375,
        0.375,
        0.3897058823529412,
        0.3897058823529412,
        0.40441176470588236,
        0.40441176470588236,
        0.4117647058823529,
        0.4117647058823529,
        0.4485294117647059,
        0.4485294117647059,
        0.4632352941176471,
        0.4632352941176471,
        0.5147058823529411,
        0.5147058823529411,
        0.5220588235294118,
        0.5220588235294118,
        0.5514705882352942,
        0.5514705882352942,
        0.5588235294117647,
        0.5588235294117647,
        0.5735294117647058,
        0.5735294117647058,
        0.5808823529411765,
        0.5808823529411765,
        0.5882352941176471,
        0.5882352941176471,
        0.6029411764705882,
        0.6029411764705882,
        0.6323529411764706,
        0.6323529411764706,
        0.6617647058823529,
        0.6617647058823529,
        0.6764705882352942,
        0.6764705882352942,
        0.6911764705882353,
        0.6911764705882353,
        0.7058823529411765,
        0.7058823529411765,
        0.7205882352941176,
        0.7205882352941176,
        0.7279411764705882,
        0.7279411764705882,
        0.7352941176470589,
        0.7352941176470589,
        0.7573529411764706,
        0.7573529411764706,
        0.7794117647058824,
        0.7794117647058824,
        0.8161764705882353,
        0.8161764705882353,
        0.8235294117647058,
        0.8235294117647058,
        0.8308823529411765,
        0.8308823529411765,
        0.8382352941176471,
        0.8382352941176471,
        0.8676470588235294,
        0.8676470588235294,
        0.8970588235294118,
        0.8970588235294118,
        0.9044117647058824,
        0.9044117647058824,
        0.9191176470588235,
        0.9191176470588235,
        0.9264705882352942,
        0.9264705882352942,
        0.9338235294117647,
        0.9338235294117647,
        0.9558823529411765,
        0.9558823529411765,
        0.9632352941176471,
        0.9632352941176471,
        0.9779411764705882,
        0.9779411764705882,
        0.9852941176470589,
        0.9852941176470589,
        0.9926470588235294,
        0.9926470588235294,
        1.0,
        1.0
    ],
    "auprc": 0.6957086205972659
}