{
    "acc": 0.759493670886076,
    "auroc": 0.8274462327303803,
    "fpr": [
        0.0,
        0.0,
        0.0,
        0.00847457627118644,
        0.00847457627118644,
        0.025423728813559324,
        0.025423728813559324,
        0.03389830508474576,
        0.03389830508474576,
        0.0423728813559322,
        0.0423728813559322,
        0.05084745762711865,
        0.05084745762711865,
        0.059322033898305086,
        0.059322033898305086,
        0.06779661016949153,
        0.06779661016949153,
        0.09322033898305085,
        0.09322033898305085,
        0.1016949152542373,
        0.1016949152542373,
        0.11016949152542373,
        0.11016949152542373,
        0.11864406779661017,
        0.11864406779661017,
        0.13559322033898305,
        0.13559322033898305,
        0.1440677966101695,
        0.1440677966101695,
        0.15254237288135594,
        0.15254237288135594,
        0.16101694915254236,
        0.16101694915254236,
        0.17796610169491525,
        0.17796610169491525,
        0.1864406779661017,
        0.1864406779661017,
        0.2033898305084746,
        0.2033898305084746,
        0.211864406779661,
        0.211864406779661,
        0.2288135593220339,
        0.2288135593220339,
        0.2542372881355932,
        0.2542372881355932,
        0.2627118644067797,
        0.2627118644067797,
        0.2711864406779661,
        0.2711864406779661,
        0.288135593220339,
        0.288135593220339,
        0.3135593220338983,
        0.3135593220338983,
        0.3220338983050847,
        0.3220338983050847,
        0.3389830508474576,
        0.3389830508474576,
        0.3474576271186441,
        0.3474576271186441,
        0.3644067796610169,
        0.3644067796610169,
        0.3813559322033898,
        0.3813559322033898,
        0.3898305084745763,
        0.3898305084745763,
        0.4322033898305085,
        0.4322033898305085,
        0.4576271186440678,
        0.4576271186440678,
        0.4661016949152542,
        0.4661016949152542,
        0.4745762711864407,
        0.4745762711864407,
        0.4830508474576271,
        0.4830508474576271,
        0.5169491525423728,
        0.5169491525423728,
        0.5338983050847458,
        0.5338983050847458,
        0.7966101694915254,
        0.7966101694915254,
        1.0
    ],
    "tpr": [
        0.0,
        0.008403361344537815,
        0.05042016806722689,
        0.05042016806722689,
        0.14285714285714285,
        0.14285714285714285,
        0.17647058823529413,
        0.17647058823529413,
        0.20168067226890757,
        0.20168067226890757,
        0.24369747899159663,
        0.24369747899159663,
        0.3025210084033613,
        0.3025210084033613,
        0.31932773109243695,
        0.31932773109243695,
        0.33613445378151263,
        0.33613445378151263,
        0.36134453781512604,
        0.36134453781512604,
        0.4369747899159664,
        0.4369747899159664,
        0.47058823529411764,
        0.47058823529411764,
        0.4957983193277311,
        0.4957983193277311,
        0.5378151260504201,
        0.5378151260504201,
        0.5546218487394958,
        0.5546218487394958,
        0.5882352941176471,
        0.5882352941176471,
        0.5966386554621849,
        0.5966386554621849,
        0.6302521008403361,
        0.6302521008403361,
        0.6386554621848739,
        0.6386554621848739,
        0.6470588235294118,
        0.6470588235294118,
        0.6722689075630253,
        0.6722689075630253,
        0.7058823529411765,
        0.7058823529411765,
        0.7142857142857143,
        0.7142857142857143,
        0.7563025210084033,
        0.7563025210084033,
        0.773109243697479,
        0.773109243697479,
        0.7983193277310925,
        0.7983193277310925,
        0.8067226890756303,
        0.8067226890756303,
        0.8235294117647058,
        0.8235294117647058,
        0.8403361344537815,
        0.8403361344537815,
        0.865546218487395,
        0.865546218487395,
        0.8739495798319328,
        0.8739495798319328,
        0.907563025210084,
        0.907563025210084,
        0.9159663865546218,
        0.9159663865546218,
        0.9243697478991597,
        0.9243697478991597,
        0.9411764705882353,
        0.9411764705882353,
        0.9495798319327731,
        0.9495798319327731,
        0.957983193277311,
        0.957983193277311,
        0.9747899159663865,
        0.9747899159663865,
        0.9831932773109243,
        0.9831932773109243,
        0.9915966386554622,
        0.9915966386554622,
        1.0,
        1.0
    ],
    "auprc": 0.796126879307477
}