{
    "acc": 0.7285223367697594,
    "auroc": 0.7844819414162478,
    "fpr": [
        0.0,
        0.0,
        0.0,
        0.006493506493506494,
        0.006493506493506494,
        0.025974025974025976,
        0.025974025974025976,
        0.032467532467532464,
        0.032467532467532464,
        0.03896103896103896,
        0.03896103896103896,
        0.05194805194805195,
        0.05194805194805195,
        0.06493506493506493,
        0.06493506493506493,
        0.07142857142857142,
        0.07142857142857142,
        0.07792207792207792,
        0.07792207792207792,
        0.09090909090909091,
        0.09090909090909091,
        0.09740259740259741,
        0.09740259740259741,
        0.1038961038961039,
        0.1038961038961039,
        0.11038961038961038,
        0.11038961038961038,
        0.11688311688311688,
        0.11688311688311688,
        0.12987012987012986,
        0.12987012987012986,
        0.13636363636363635,
        0.13636363636363635,
        0.14935064935064934,
        0.14935064935064934,
        0.15584415584415584,
        0.15584415584415584,
        0.16233766233766234,
        0.16233766233766234,
        0.17532467532467533,
        0.17532467532467533,
        0.18181818181818182,
        0.18181818181818182,
        0.2012987012987013,
        0.2012987012987013,
        0.22077922077922077,
        0.22077922077922077,
        0.22727272727272727,
        0.22727272727272727,
        0.2532467532467532,
        0.2532467532467532,
        0.2597402597402597,
        0.2597402597402597,
        0.2662337662337662,
        0.2662337662337662,
        0.2727272727272727,
        0.2727272727272727,
        0.2792207792207792,
        0.2792207792207792,
        0.2857142857142857,
        0.2857142857142857,
        0.2922077922077922,
        0.2922077922077922,
        0.3246753246753247,
        0.3246753246753247,
        0.33116883116883117,
        0.33116883116883117,
        0.34415584415584416,
        0.34415584415584416,
        0.35064935064935066,
        0.35064935064935066,
        0.35714285714285715,
        0.35714285714285715,
        0.36363636363636365,
        0.36363636363636365,
        0.37662337662337664,
        0.37662337662337664,
        0.38311688311688313,
        0.38311688311688313,
        0.3961038961038961,
        0.3961038961038961,
        0.4090909090909091,
        0.4090909090909091,
        0.42857142857142855,
        0.42857142857142855,
        0.487012987012987,
        0.487012987012987,
        0.5064935064935064,
        0.5064935064935064,
        0.6038961038961039,
        0.6038961038961039,
        0.6298701298701299,
        0.6298701298701299,
        0.6493506493506493,
        0.6493506493506493,
        0.7142857142857143,
        0.7142857142857143,
        0.8311688311688312,
        0.8311688311688312,
        1.0,
        1.0
    ],
    "tpr": [
        0.0,
        0.0072992700729927005,
        0.021897810218978103,
        0.021897810218978103,
        0.0364963503649635,
        0.0364963503649635,
        0.058394160583941604,
        0.058394160583941604,
        0.072992700729927,
        0.072992700729927,
        0.13138686131386862,
        0.13138686131386862,
        0.1386861313868613,
        0.1386861313868613,
        0.18248175182481752,
        0.18248175182481752,
        0.22627737226277372,
        0.22627737226277372,
        0.23357664233576642,
        0.23357664233576642,
        0.27007299270072993,
        0.27007299270072993,
        0.36496350364963503,
        0.36496350364963503,
        0.38686131386861317,
        0.38686131386861317,
        0.40145985401459855,
        0.40145985401459855,
        0.45985401459854014,
        0.45985401459854014,
        0.4744525547445255,
        0.4744525547445255,
        0.5182481751824818,
        0.5182481751824818,
        0.5255474452554745,
        0.5255474452554745,
        0.5328467153284672,
        0.5328467153284672,
        0.5693430656934306,
        0.5693430656934306,
        0.583941605839416,
        0.583941605839416,
        0.5912408759124088,
        0.5912408759124088,
        0.6058394160583942,
        0.6058394160583942,
        0.6277372262773723,
        0.6277372262773723,
        0.6423357664233577,
        0.6423357664233577,
        0.6642335766423357,
        0.6642335766423357,
        0.6788321167883211,
        0.6788321167883211,
        0.708029197080292,
        0.708029197080292,
        0.7153284671532847,
        0.7153284671532847,
        0.7299270072992701,
        0.7299270072992701,
        0.7372262773722628,
        0.7372262773722628,
        0.7445255474452555,
        0.7445255474452555,
        0.7591240875912408,
        0.7591240875912408,
        0.781021897810219,
        0.781021897810219,
        0.7956204379562044,
        0.7956204379562044,
        0.8029197080291971,
        0.8029197080291971,
        0.8102189781021898,
        0.8102189781021898,
        0.8175182481751825,
        0.8175182481751825,
        0.8540145985401459,
        0.8540145985401459,
        0.8613138686131386,
        0.8613138686131386,
        0.8759124087591241,
        0.8759124087591241,
        0.8905109489051095,
        0.8905109489051095,
        0.9124087591240876,
        0.9124087591240876,
        0.9197080291970803,
        0.9197080291970803,
        0.9343065693430657,
        0.9343065693430657,
        0.9416058394160584,
        0.9416058394160584,
        0.948905109489051,
        0.948905109489051,
        0.9562043795620438,
        0.9562043795620438,
        0.9781021897810219,
        0.9781021897810219,
        0.9854014598540146,
        0.9854014598540146,
        1.0
    ],
    "auprc": 0.705275921753296
}