{
    "acc": 0.7603686635944701,
    "auroc": 0.7979539641943734,
    "fpr": [
        0.0,
        0.0,
        0.0,
        0.00980392156862745,
        0.00980392156862745,
        0.0196078431372549,
        0.0196078431372549,
        0.049019607843137254,
        0.049019607843137254,
        0.06862745098039216,
        0.06862745098039216,
        0.0784313725490196,
        0.0784313725490196,
        0.08823529411764706,
        0.08823529411764706,
        0.09803921568627451,
        0.09803921568627451,
        0.10784313725490197,
        0.10784313725490197,
        0.11764705882352941,
        0.11764705882352941,
        0.12745098039215685,
        0.12745098039215685,
        0.13725490196078433,
        0.13725490196078433,
        0.14705882352941177,
        0.14705882352941177,
        0.1568627450980392,
        0.1568627450980392,
        0.17647058823529413,
        0.17647058823529413,
        0.18627450980392157,
        0.18627450980392157,
        0.19607843137254902,
        0.19607843137254902,
        0.20588235294117646,
        0.20588235294117646,
        0.21568627450980393,
        0.21568627450980393,
        0.22549019607843138,
        0.22549019607843138,
        0.23529411764705882,
        0.23529411764705882,
        0.24509803921568626,
        0.24509803921568626,
        0.28431372549019607,
        0.28431372549019607,
        0.29411764705882354,
        0.29411764705882354,
        0.30392156862745096,
        0.30392156862745096,
        0.3431372549019608,
        0.3431372549019608,
        0.3627450980392157,
        0.3627450980392157,
        0.38235294117647056,
        0.38235294117647056,
        0.4215686274509804,
        0.4215686274509804,
        0.43137254901960786,
        0.43137254901960786,
        0.4411764705882353,
        0.4411764705882353,
        0.5196078431372549,
        0.5196078431372549,
        0.5588235294117647,
        0.5588235294117647,
        0.6078431372549019,
        0.6078431372549019,
        0.7941176470588235,
        0.7941176470588235,
        0.803921568627451,
        0.803921568627451,
        0.8137254901960784,
        0.8137254901960784,
        1.0,
        1.0
    ],
    "tpr": [
        0.0,
        0.008695652173913044,
        0.017391304347826087,
        0.017391304347826087,
        0.09565217391304348,
        0.09565217391304348,
        0.12173913043478261,
        0.12173913043478261,
        0.1565217391304348,
        0.1565217391304348,
        0.17391304347826086,
        0.17391304347826086,
        0.2,
        0.2,
        0.24347826086956523,
        0.24347826086956523,
        0.2782608695652174,
        0.2782608695652174,
        0.28695652173913044,
        0.28695652173913044,
        0.30434782608695654,
        0.30434782608695654,
        0.3739130434782609,
        0.3739130434782609,
        0.4434782608695652,
        0.4434782608695652,
        0.5130434782608696,
        0.5130434782608696,
        0.5826086956521739,
        0.5826086956521739,
        0.591304347826087,
        0.591304347826087,
        0.6,
        0.6,
        0.6173913043478261,
        0.6173913043478261,
        0.6347826086956522,
        0.6347826086956522,
        0.7391304347826086,
        0.7391304347826086,
        0.7652173913043478,
        0.7652173913043478,
        0.7739130434782608,
        0.7739130434782608,
        0.7913043478260869,
        0.7913043478260869,
        0.8260869565217391,
        0.8260869565217391,
        0.8347826086956521,
        0.8347826086956521,
        0.8434782608695652,
        0.8434782608695652,
        0.8695652173913043,
        0.8695652173913043,
        0.8869565217391304,
        0.8869565217391304,
        0.8956521739130435,
        0.8956521739130435,
        0.9043478260869565,
        0.9043478260869565,
        0.9130434782608695,
        0.9130434782608695,
        0.9217391304347826,
        0.9217391304347826,
        0.9304347826086956,
        0.9304347826086956,
        0.9478260869565217,
        0.9478260869565217,
        0.9565217391304348,
        0.9565217391304348,
        0.9652173913043478,
        0.9652173913043478,
        0.9739130434782609,
        0.9739130434782609,
        0.991304347826087,
        0.991304347826087,
        1.0
    ],
    "auprc": 0.764593576273296
}