{
    "acc": 0.7468354430379747,
    "auroc": 0.7919811992593647,
    "fpr": [
        0.0,
        0.0,
        0.0,
        0.00847457627118644,
        0.00847457627118644,
        0.01694915254237288,
        0.01694915254237288,
        0.03389830508474576,
        0.03389830508474576,
        0.059322033898305086,
        0.059322033898305086,
        0.07627118644067797,
        0.07627118644067797,
        0.09322033898305085,
        0.09322033898305085,
        0.1016949152542373,
        0.1016949152542373,
        0.11016949152542373,
        0.11016949152542373,
        0.1271186440677966,
        0.1271186440677966,
        0.1440677966101695,
        0.1440677966101695,
        0.15254237288135594,
        0.15254237288135594,
        0.16101694915254236,
        0.16101694915254236,
        0.1694915254237288,
        0.1694915254237288,
        0.19491525423728814,
        0.19491525423728814,
        0.211864406779661,
        0.211864406779661,
        0.2288135593220339,
        0.2288135593220339,
        0.2457627118644068,
        0.2457627118644068,
        0.2627118644067797,
        0.2627118644067797,
        0.2711864406779661,
        0.2711864406779661,
        0.288135593220339,
        0.288135593220339,
        0.3050847457627119,
        0.3050847457627119,
        0.3135593220338983,
        0.3135593220338983,
        0.3220338983050847,
        0.3220338983050847,
        0.3305084745762712,
        0.3305084745762712,
        0.3474576271186441,
        0.3474576271186441,
        0.3644067796610169,
        0.3644067796610169,
        0.3983050847457627,
        0.3983050847457627,
        0.4152542372881356,
        0.4152542372881356,
        0.4661016949152542,
        0.4661016949152542,
        0.5,
        0.5,
        0.5084745762711864,
        0.5084745762711864,
        0.5169491525423728,
        0.5169491525423728,
        0.5677966101694916,
        0.5677966101694916,
        0.6101694915254238,
        0.6101694915254238,
        0.6864406779661016,
        0.6864406779661016,
        0.7796610169491526,
        0.7796610169491526,
        0.8983050847457628,
        0.8983050847457628,
        1.0
    ],
    "tpr": [
        0.0,
        0.008403361344537815,
        0.01680672268907563,
        0.01680672268907563,
        0.06722689075630252,
        0.06722689075630252,
        0.07563025210084033,
        0.07563025210084033,
        0.09243697478991597,
        0.09243697478991597,
        0.1092436974789916,
        0.1092436974789916,
        0.14285714285714285,
        0.14285714285714285,
        0.23529411764705882,
        0.23529411764705882,
        0.25210084033613445,
        0.25210084033613445,
        0.3025210084033613,
        0.3025210084033613,
        0.48739495798319327,
        0.48739495798319327,
        0.5294117647058824,
        0.5294117647058824,
        0.5630252100840336,
        0.5630252100840336,
        0.5882352941176471,
        0.5882352941176471,
        0.6134453781512605,
        0.6134453781512605,
        0.6470588235294118,
        0.6470588235294118,
        0.6554621848739496,
        0.6554621848739496,
        0.680672268907563,
        0.680672268907563,
        0.6974789915966386,
        0.6974789915966386,
        0.7142857142857143,
        0.7142857142857143,
        0.7226890756302521,
        0.7226890756302521,
        0.7310924369747899,
        0.7310924369747899,
        0.7647058823529411,
        0.7647058823529411,
        0.773109243697479,
        0.773109243697479,
        0.7815126050420168,
        0.7815126050420168,
        0.7983193277310925,
        0.7983193277310925,
        0.8235294117647058,
        0.8235294117647058,
        0.8739495798319328,
        0.8739495798319328,
        0.8907563025210085,
        0.8907563025210085,
        0.907563025210084,
        0.907563025210084,
        0.9159663865546218,
        0.9159663865546218,
        0.9243697478991597,
        0.9243697478991597,
        0.9411764705882353,
        0.9411764705882353,
        0.957983193277311,
        0.957983193277311,
        0.9663865546218487,
        0.9663865546218487,
        0.9747899159663865,
        0.9747899159663865,
        0.9831932773109243,
        0.9831932773109243,
        0.9915966386554622,
        0.9915966386554622,
        1.0,
        1.0
    ],
    "auprc": 0.7254780365607767
}